local_row,local_col,injected_row_px,injected_col_px,measured_row_px,measured_col_px,error_px
32,32,0.0,0.0,6.733935857336793e-09,-4.718425232035131e-09,8.222495290423217e-09
32,143,0.0,0.0,2.9800069771223356e-09,7.877573435908844e-10,3.082369740326291e-09
32,255,0.0,0.0,5.529995373911187e-09,1.812501892149213e-09,5.819451172105803e-09
32,367,0.0,0.0,-2.499461638020477e-10,-5.818032269312437e-09,5.823398713085013e-09
32,479,0.0,0.0,-3.6370731423955672e-09,-6.941861505131493e-10,3.702728109745493e-09
143,32,0.0,0.0,-7.84913827064966e-09,-1.2437276615111241e-08,1.4706965057161523e-08
143,143,0.0,0.0,-5.309283000257145e-10,-9.075052914232412e-10,1.0514041628837965e-09
143,255,0.0,0.0,-5.576623755930897e-09,3.1688213410098647e-09,6.414059650989565e-09
143,367,0.0,0.0,-4.197628622591728e-09,3.3446250883239477e-10,4.210932346050669e-09
143,479,0.0,0.0,-7.02764428074906e-09,-9.897155765807104e-09,1.2138429733264257e-08
255,32,0.0,0.0,-5.804399825348425e-09,2.80642244189678e-09,6.447252457821604e-09
255,143,0.0,0.0,-4.352464973596329e-10,3.246568404835585e-09,3.2756138235055282e-09
255,255,0.0,0.0,5.547465733388634e-09,-6.8673649970589396e-09,8.828084620457113e-09
255,367,0.0,0.0,4.364418508303289e-09,-6.1937517065262716e-09,7.576985490135071e-09
255,479,0.0,0.0,3.918052681282882e-09,-3.798485353201289e-09,5.457071356670417e-09
367,32,0.0,0.0,2.869544565980213e-09,2.275027335301022e-09,3.6619715171630485e-09
367,143,0.0,0.0,-2.1079722694039762e-10,-2.2632909841287779e-10,3.0929004457652304e-10
367,255,0.0,0.0,-5.780726994222549e-09,1.0003684917891242e-08,1.1553809610608008e-08
367,367,0.0,0.0,-3.102289734714568e-09,3.753543253370146e-09,4.869629200774523e-09
367,479,0.0,0.0,-2.2931497574840746e-09,-1.3762742844794714e-09,2.6744469926264664e-09
479,32,0.0,0.0,-8.255606340553429e-10,2.0006994488628936e-09,2.1643356128803468e-09
479,143,0.0,0.0,-2.9216265891703505e-09,2.3364918403037734e-09,3.741002011006315e-09
479,255,0.0,0.0,2.2206931875033647e-09,-7.581177566165142e-10,2.3465337768549402e-09
479,367,0.0,0.0,9.486161011693114e-10,1.3103121167263258e-10,9.57622935100274e-10
479,479,0.0,0.0,-1.8343513866285681e-09,5.096775671603472e-09,5.416822616283015e-09
32,32,0.005,0.0,0.004808687989142101,-8.132033677418069e-06,0.00019148476563482384
32,143,0.005,0.0,0.004804400405246487,4.606609411910268e-05,0.00020095095544716535
32,255,0.005,0.0,0.0049201938332651615,5.999976364986131e-06,8.00313936233104e-05
32,367,0.005,0.0,0.0048218110935973925,-1.66668599114671e-05,0.00017896667450747843
32,479,0.005,0.0,0.004763903757172465,-3.8354624060762816e-05,0.000239191373306231
143,32,0.005,0.0,0.004760753001934857,1.4829921887589956e-05,0.00023970617986688312
143,143,0.005,0.0,0.004790968556281259,-1.35521940134128e-05,0.00020947029962674481
143,255,0.005,0.0,0.0047404469949576256,4.2426404849595895e-05,0.00026299764686207503
143,367,0.005,0.0,0.004739939639521757,4.889297518806336e-05,0.00026461654165001533
143,479,0.005,0.0,0.004789603325647021,1.3153284726690238e-05,0.00021080742272959637
255,32,0.005,0.0,0.004719742303103825,4.18899156168044e-05,0.0002833710318644646
255,143,0.005,0.0,0.0047309160663459495,-4.87860872139663e-05,0.00027347074003700324
255,255,0.005,0.0,0.004728161900486473,-0.00011087186279865596,0.00029357881787957734
255,367,0.005,0.0,0.004826005033125524,9.153345755431478e-05,0.000196602701785854
255,479,0.005,0.0,0.004717582765323279,-9.485370783631422e-06,0.0002825764793845181
367,32,0.005,0.0,0.0047419179687688134,5.358613356234783e-05,0.0002635864346937774
367,143,0.005,0.0,0.004778574215726629,-2.6953952502503412e-05,0.00022306029116941597
367,255,0.005,0.0,0.004756474629612753,1.0652432864441013e-05,0.00024375824160051998
367,367,0.005,0.0,0.004927400240101375,-2.2767328746864784e-05,7.608598028287385e-05
367,479,0.005,0.0,0.004861306954798868,2.2206270976119907e-05,0.00014045952889650535
479,32,0.005,0.0,0.004783148530348764,-2.2570626684379912e-05,0.00021802291870082503
479,143,0.005,0.0,0.004551870618422989,4.635520166850446e-05,0.00045052052933725647
479,255,0.005,0.0,0.00475528894846071,-0.0001024278650213506,0.0002652828043396275
479,367,0.005,0.0,0.0048235877336670905,3.258098890138517e-06,0.00017644235013480002
479,479,0.005,0.0,0.004752270750881932,3.9615383460099556e-05,0.00025087678145913056
32,32,-0.005,0.0,-0.004807844302724075,8.5177770510001e-06,0.00019234439040816185
32,143,-0.005,0.0,-0.004804159607135772,-4.577848867750757e-05,0.00020111968949561336
32,255,-0.005,0.0,-0.004920020850681188,-6.032116233514386e-06,8.020630119894282e-05
32,367,-0.005,0.0,-0.004822408544648176,1.6697978069070917e-05,0.00017837473892223134
32,479,-0.005,0.0,-0.004763699897686407,3.8233303317797756e-05,0.00023937318946783793
143,32,-0.005,0.0,-0.004759939351438252,-1.5132461317804359e-05,0.00024053712057273388
143,143,-0.005,0.0,-0.004791286302304942,1.3486220280169255e-05,0.0002091489558735337
143,255,-0.005,0.0,-0.004741684676611286,-4.269447634151222e-05,0.00026181983234180734
143,367,-0.005,0.0,-0.004742178194674278,-4.915467733079758e-05,0.0002624657417738729
143,479,-0.005,0.0,-0.004788987052480056,-1.3857959148614993e-05,0.00021146750826739203
255,32,-0.005,0.0,-0.004720438665392306,-4.1415493925462084e-05,0.00028261242531906687
255,143,-0.005,0.0,-0.0047301440527477995,4.8889003013133063e-05,0.00027424873178011344
255,255,-0.005,0.0,-0.004729844835473709,0.00011050700449638657,0.0002918828719931882
255,367,-0.005,0.0,-0.004824963571244759,-9.205907134605268e-05,0.00019776911793423736
255,479,-0.005,0.0,-0.004716695340660755,1.0036727769275139e-05,0.00028348239082461615
367,32,-0.005,0.0,-0.004741689843954837,-5.3846692689374846e-05,0.0002638628489000688
367,143,-0.005,0.0,-0.004779087733086219,2.6944980843845937e-05,0.00022254945892017112
367,255,-0.005,0.0,-0.004756205501557572,-1.049198756684119e-05,0.00024402016161353943
367,367,-0.005,0.0,-0.004926586962518556,2.2165928618861344e-05,7.668639034266983e-05
367,479,-0.005,0.0,-0.0048607569682130305,-2.1936429049499614e-05,0.0001409603803225245
479,32,-0.005,0.0,-0.004784092015145896,2.2310362594621152e-05,0.00021705761954574068
479,143,-0.005,0.0,-0.0045527720771584524,-4.697015315768188e-05,0.00044968768079281583
479,255,-0.005,0.0,-0.004756078642568079,0.00010200165948769472,0.0002643898015235736
479,367,-0.005,0.0,-0.0048233619802649464,-3.6855176326061822e-06,0.00017667646435261676
479,479,-0.005,0.0,-0.004751047026426213,-3.9472019060488326e-05,0.00025206273691274204
32,32,0.0,0.005,-1.848859654874114e-05,0.004670955815066153,0.00032956320158828735
32,143,0.0,0.005,3.3867314776161024e-06,0.004901670422319335,9.838788440127872e-05
32,255,0.0,0.005,7.234065813723605e-06,0.004725936863871359,0.0002741585933230314
32,367,0.0,0.005,-1.2184684969322457e-05,0.004840555098798006,0.00015990979665772597
32,479,0.0,0.005,-1.8380739844160928e-05,0.004529567305388745,0.0004707916436773548
143,32,0.0,0.005,-1.234404818299206e-05,0.004741499106550414,0.0002587954548282838
143,143,0.0,0.005,-7.519404582097383e-06,0.00486520784764176,0.00013500172510985328
143,255,0.0,0.005,2.165236457130783e-05,0.004629546751604126,0.0003710854809051196
143,367,0.0,0.005,-8.442788320157431e-06,0.004758175849328948,0.00024197148700289998
143,479,0.0,0.005,-3.8451654868939805e-05,0.004477022053994389,0.0005243896087551778
255,32,0.0,0.005,-1.1753350522165114e-05,0.004631375737705164,0.00036881158875624924
255,143,0.0,0.005,1.0096286139851216e-05,0.004879100275361706,0.00012132056054697896
255,255,0.0,0.005,-7.915617220246917e-06,0.00475912600521791,0.00024100402145661343
255,367,0.0,0.005,6.3888819064433635e-06,0.004759251447297315,0.0002408333104876737
255,479,0.0,0.005,-6.203272671566439e-06,0.00476945533573052,0.00023062810499799226
367,32,0.0,0.005,-5.1404213776593525e-05,0.0044727802282697165,0.0005297198135781992
367,143,0.0,0.005,-1.8180926817994966e-05,0.0047947480128323,0.00020605563408034004
367,255,0.0,0.005,-7.439353068537669e-06,0.004705179392110555,0.0002949144533765345
367,367,0.0,0.005,-1.8510999737544574e-05,0.004586078163226419,0.00041433554526409944
367,479,0.0,0.005,3.992373461168441e-05,0.004605859446022666,0.00039615739406819594
479,32,0.0,0.005,-4.9501517185007446e-05,0.0045954676386553706,0.00040754979030626373
479,143,0.0,0.005,-9.7581494652108e-07,0.004618756739987998,0.00038124450883834243
479,255,0.0,0.005,-1.3923862207765644e-05,0.004848299640966195,0.00015233802174692334
479,367,0.0,0.005,2.4255278473312735e-05,0.0035432172963169046,0.0014569846136058017
479,479,0.0,0.005,-4.194234985748705e-05,0.004736871098210574,0.0002664507077650144
32,32,0.0,-0.005,1.8947867907663066e-05,-0.004671392651048036,0.00032915317328484676
32,143,0.0,-0.005,-3.4450541670427253e-06,-0.004901756616887758,9.830376759591986e-05
32,255,0.0,-0.005,-7.178000235076478e-06,-0.004727483038801733,0.0002726114777996566
32,367,0.0,-0.005,1.2217001792382369e-05,-0.004840864252760663,0.00015960401367828175
32,479,0.0,-0.005,1.817263086918582e-05,-0.004530431672293956,0.0004699198430555558
143,32,0.0,-0.005,1.2557975390086888e-05,-0.004741493020141583,0.0002588118262008482
143,143,0.0,-0.005,7.569388550914484e-06,-0.0048652574747287845,0.00013495496937682174
143,255,0.0,-0.005,-2.1459189022332565e-05,-0.004630503022794044,0.0003701195927775713
143,367,0.0,-0.005,8.438058039606266e-06,-0.004758603167285205,0.0002415442644076124
143,479,0.0,-0.005,3.860934687963818e-05,-0.0044759658129160124,0.0005254545754860718
255,32,0.0,-0.005,1.1967677754770862e-05,-0.004631050287928937,0.00036914375973076175
255,143,0.0,-0.005,-1.0042108004721748e-05,-0.004878927343988109,0.00012148840260268578
255,255,0.0,-0.005,7.618298390655826e-06,-0.004760068757615871,0.00024005216004518827
255,367,0.0,-0.005,-6.364980326435052e-06,-0.004759336968122823,0.00024074718666449924
255,479,0.0,-0.005,6.167069217800831e-06,-0.0047701074770843625,0.00022997522656854612
367,32,0.0,-0.005,5.142659836542251e-05,-0.004473133720070075,0.0005293701653348404
367,143,0.0,-0.005,1.8196041546445612e-05,-0.004794392877248114,0.00020641071884538618
367,255,0.0,-0.005,7.248074295735537e-06,-0.004704628843076426,0.00029546007331510474
367,367,0.0,-0.005,1.85247384021588e-05,-0.004586689919876457,0.0004137250152753616
367,479,0.0,-0.005,-3.974631148517259e-05,-0.0046055748128377575,0.0003964227510431843
479,32,0.0,-0.005,4.946208749532522e-05,-0.004596315084470895,0.00040670383465752583
479,143,0.0,-0.005,1.0474388756141783e-06,-0.004619141910241958,0.0003808595300925824
479,255,0.0,-0.005,1.3794420539248783e-05,-0.004848287808978123,0.00015233802855056316
479,367,0.0,-0.005,-2.4184619974731025e-05,-0.003547694775917089,0.0014525065782094884
479,479,0.0,-0.005,4.184774274642195e-05,-0.004735932805341381,0.00026736251956443633
32,32,0.025,-0.04,0.024216182247564597,-0.03742354152823009,0.002693048184824742
32,143,0.025,-0.04,0.024077739287892374,-0.039148220676289966,0.0012554253611414708
32,255,0.025,-0.04,0.02470397048919145,-0.037838494117493494,0.002181683100585367
32,367,0.025,-0.04,0.024154066806578143,-0.03871670758727525,0.001537023872387742
32,479,0.025,-0.04,0.024076123990190837,-0.036522430134249606,0.0035981994181362603
143,32,0.025,-0.04,0.02391657838508669,-0.037862549836076446,0.002396350474976104
143,143,0.025,-0.04,0.024005479735132507,-0.038978197857056,0.0014258857515793684
143,255,0.025,-0.04,0.023404525482445347,-0.03670998093500209,0.0036564688408649085
143,367,0.025,-0.04,0.023548230357066623,-0.03764966212203183,0.0027625573725725294
143,479,0.025,-0.04,0.024224984673401485,-0.03573775383317606,0.004332134709709288
255,32,0.025,-0.04,0.023706420336522725,-0.03684105981771379,0.003413539427196416
255,143,0.025,-0.04,0.023506674988149588,-0.039114008502489944,0.001736375686502823
255,255,0.025,-0.04,0.023641188838728414,-0.03859431018296769,0.001955078421369479
255,367,0.025,-0.04,0.024195131368278992,-0.0377291929008534,0.0024092277592338684
255,479,0.025,-0.04,0.02369017059084513,-0.03826567786277751,0.0021733675153427223
367,32,0.025,-0.04,0.023941657508889873,-0.035619418864074215,0.004506615128554694
367,143,0.025,-0.04,0.02404429857291684,-0.03849820855417715,0.001780096279552172
367,255,0.025,-0.04,0.02392726984793745,-0.037656116120099,0.0025777008402070108
367,367,0.025,-0.04,0.024689198119846132,-0.03683856069009147,0.003176680078154253
367,479,0.025,-0.04,0.02410828626226823,-0.03679084011176854,0.003330744748294793
479,32,0.025,-0.04,0.024202890053728932,-0.036862210562604095,0.0032374537556353737
479,143,0.025,-0.04,0.022833537153706757,-0.036851335460612665,0.0038219955057488346
479,255,0.025,-0.04,0.023852781149623848,-0.03925735935401949,0.0013666112174721562
479,367,0.025,-0.04,0.02383767271507719,-0.028464467930158093,0.01159394259307968
479,479,0.025,-0.04,0.024223379712839718,-0.037775797444566266,0.002355889657438752
32,32,-0.25,0.4,-0.24124067173416566,0.37807895245452183,0.0236063160437998
32,143,-0.25,0.4,-0.24153431520586327,0.3928459132970543,0.011083716686515512
32,255,-0.25,0.4,-0.2471226938037149,0.37777933182756246,0.02240618184735544
32,367,-0.25,0.4,-0.24333520055408792,0.3890667809378267,0.01280448478915493
32,479,-0.25,0.4,-0.24316663887156553,0.36683526545924483,0.03386140046528435
143,32,-0.25,0.4,-0.2395426503909468,0.3810546694363009,0.021639817721362566
143,143,-0.25,0.4,-0.24172420842135364,0.391742694344994,0.011690672475670027
143,255,-0.25,0.4,-0.23709522860230625,0.3684417899978766,0.0340947758955072
143,367,-0.25,0.4,-0.24001343002315906,0.3779776965722091,0.02418084837568842
143,479,-0.25,0.4,-0.24221948567700344,0.3678400743828335,0.0330877200609537
255,32,-0.25,0.4,-0.23889493078482146,0.3746636194010008,0.02766323813531689
255,143,-0.25,0.4,-0.23565619078603922,0.3928724976882009,0.01601705815595387
255,255,-0.25,0.4,-0.24135504869361235,0.3859325726692588,0.016511441330044417
255,367,-0.25,0.4,-0.24202912483727307,0.3805587833209651,0.021011800418359268
255,479,-0.25,0.4,-0.2375251772367242,0.3842699808541464,0.02007622238629734
367,32,-0.25,0.4,-0.24097659013197764,0.3614303435306814,0.03961111366532853
367,143,-0.25,0.4,-0.2426339912774844,0.3889816560835164,0.013253753700823294
367,255,-0.25,0.4,-0.24190525468661875,0.3823128587507388,0.019451474680851993
367,367,-0.25,0.4,-0.2464725178978878,0.37070195124436556,0.029509638948456422
367,479,-0.25,0.4,-0.24087204292583672,0.3756253515582623,0.02602773687830107
479,32,-0.25,0.4,-0.2443590109696305,0.3701237182438516,0.030404160386590457
479,143,-0.25,0.4,-0.2307118356281186,0.3700211558038648,0.03564778231773845
479,255,-0.25,0.4,-0.24105409018569443,0.3931344970349043,0.011276720860668107
479,367,-0.25,0.4,-0.2410866611309993,0.2771474658571829,0.12317545516500307
479,479,-0.25,0.4,-0.24185383242715336,0.3837710686481386,0.01815869651016639
32,32,1.0,-1.0,1.0019817983831685,-0.9800159082765223,0.020082117588638388
32,143,1.0,-1.0,0.9885766485922665,-0.9905072612845106,0.01485277905663176
32,255,1.0,-1.0,0.9974628149025648,-0.9872106751822438,0.013038563475809804
32,367,1.0,-1.0,0.9964650676720237,-0.9918374167191398,0.00889513981792023
32,479,1.0,-1.0,0.9970586126450012,-0.9575587653020878,0.042543038940059404
143,32,1.0,-1.0,0.9987384715999542,-0.9670807429288102,0.03294342028422675
143,143,1.0,-1.0,0.9921266947028403,-0.9934829413053653,0.01022061594678112
143,255,1.0,-1.0,0.993053569592477,-0.9752680934958512,0.02568890995617598
143,367,1.0,-1.0,0.9906957406181085,-0.9720354197750367,0.029471799907774952
143,479,1.0,-1.0,0.9995674141524998,-0.9613634973838694,0.03863892422055413
255,32,1.0,-1.0,0.9860188508161751,-0.9583684622011321,0.04391648291927451
255,143,1.0,-1.0,0.9873980009876233,-0.9965422720035293,0.013067756578905207
255,255,1.0,-1.0,0.9906701804224955,-0.982081180479933,0.020202218351990955
255,367,1.0,-1.0,0.9969452310092147,-0.9825951980043913,0.017670844521227812
255,479,1.0,-1.0,0.9936182229558935,-0.9813899037997807,0.019673910613350346
367,32,1.0,-1.0,1.0010142974206846,-0.9773716379278231,0.022651083182204355
367,143,1.0,-1.0,0.9907389285628764,-0.9837842060352131,0.018674030579174012
367,255,1.0,-1.0,0.9928164347044269,-0.9804034633986842,0.020871699909745505
367,367,1.0,-1.0,0.9994391156724721,-0.9774082343532449,0.02259872709394872
367,479,1.0,-1.0,0.9975006674527754,-0.9748263210888471,0.02529744597985018
479,32,1.0,-1.0,0.9935931254337981,-0.9705319777425041,0.030156464936648635
479,143,1.0,-1.0,0.9715737971730192,-0.9666683877591952,0.04380691020526355
479,255,1.0,-1.0,0.9843414932713942,-0.9905066448320795,0.018311543498953767
479,367,1.0,-1.0,0.9857136591244431,-0.8868069368983738,0.11409105604709491
479,479,1.0,-1.0,0.9981860627046114,-0.9698996583346557,0.030154948795878614
